X,Y,OBJECTID,ENDERECO,NUMERO,photo,tx_bairro
-43.0958491697031,-22.8894168833069,1,Noronha Torrezao,524,sinalização turística _20170524_145332396804034.jpg,
-43.0940069308961,-22.8895632139614,2,Noronha Torrezao,597,sinalização turística _20170524_145953-1930342832.jpg,
-43.1078020317346,-22.9029061146849,3,Lopes Trovão,247,sinalização turística _20170524_160625396804034.jpg,
-43.1065385829518,-22.9054214400639,4,Lemos Cunha,315,sinalização turística _20170524_161219-1930342832.jpg,
-43.1055061437504,-22.9064415064362,5,Lemos Cunha,565,sinalização turística _20170524_161409-1203390553.jpg,
-43.1035519471208,-22.9081801338731,6,Lemos Cunha,449,sinalização turística _20170524_1618321296480536.jpg,
-43.1031656135845,-22.9085355605546,7,Lemos Cunha,495,sinalização turística _20170524_1619491119414071.jpg,
-43.1031039695791,-22.9085821058289,8,Lemos Cunha,493,sinalização turística _20170524_162013-179771444.jpg,
-43.1020812621657,-22.9095458765502,9,Lemos Cunha,548,sinalização turística _20170524_162126-535219537.jpg,
-43.0971411004397,-22.9138108740636,10,Leopoldo Froes,450,sinalização turística _20170524_162207363860481.jpg,
-43.0941510200594,-22.9046126178349,11,Almirante Ary Parreiras,1,sinalização turística _20170525_085249396804034.jpg,
-43.0837815849692,-22.9266900738545,12,Nossa Senhora de Lurdes,0,sinalização turística _20170503_0933581025051887.jpg,
-43.0916573645488,-22.9221909909374,13, A,0,sinalização turística _20170503_0944331025051887.jpg,
-43.0926491597601,-22.9214853101463,14,Frei Juniepero Serra,279,sinalização turística _20170503_0947421487591168.jpg,
-43.0927620555717,-22.9214424094061,15,Frei Juniepero Serra,3,sinalização turística _20170503_0950161798576508.jpg,
-43.0947807540892,-22.9228877272454,16,Quintino de Bocaiuva,0,sinalização turística _20170503_095228820624671.jpg,
-43.1039752902104,-22.9356516520301,17,Carlos Ermelindo Marins,0,sinalização turística _20170503_0956061358892499.jpg,
-43.1048154864046,-22.9359363778804,18,Carlos Ermelindo Marins,0,sinalização turística _20170503_0957291035065171.jpg,
-43.1087452921873,-22.9358063131259,19,Carlos Ermelindo Marins,0,sinalização turística _20170503_095954-1689666446.jpg,
-43.1127646655691,-22.9348564757722,20,Carlos Ermelindo Marins,0,sinalização turística _20170503_100205128572104.jpg,
-43.1130269353054,-22.9345614771966,21,Carlos Ermelindo Marins,0,sinalização turística _20170503_1002591593169978.jpg,
-43.1130891080029,-22.9344947644392,22,Carlos Ermelindo Marins,0,sinalização turística _20170503_100334-407823937.jpg,
-43.1150465426705,-22.9322389261598,23,Carlos Ermelindo Marins,283,sinalização turística _20170503_100409-1640267546.jpg,
-43.1156370561645,-22.931632730058,24,Carlos Ermelindo Marins,926,sinalização turística _20170503_100554-88451039.jpg,
-43.1210170045531,-22.9270756858609,25,General Eurico Gaspar Dutra,211,sinalização turística _20170503_100806690518764.jpg,
-43.1223829650105,-22.9290642465117,26,General Eurico Gaspar Dutra,0,sinalização turística _20170503_1009381484566093.jpg,
-43.1223221458026,-22.9297851406737,27,General Eurico Gaspar Dutra,0,sinalização turística _20170503_1011001973011082.jpg,
-43.1138018771141,-22.9336866361976,28,Carlos Emerlindo Martins,283,sinalização turística _20170503_101731984177613.jpg,
-43.1121693036629,-22.9353911765498,29,Carlos Emerlindo Martins,0,sinalização turística _20170503_1019351750117127.jpg,
-43.094618003029,-22.9245046914477,30,Av Prefeito Silvio Picaço,615,sinalização turística _20170503_102629-2091584289.jpg,
-43.0940342389352,-22.9214013782939,31,Quintino de Bocaiuva,239,sinalização turística _20170503_1028321971291007.jpg,
-43.0940342389352,-22.9214013782939,32,Quintino de Bocaiuva,241,sinalização turística _20170503_102938443157860.jpg,
-43.0923536461879,-22.920550800876,33,Av Taubaté ,2,sinalização turística _20170503_10314147428313.jpg,
-43.089938555621,-22.9200995847284,34,Rui Barbosa,41,sinalização turística _20170503_1033201767107999.jpg,
-43.0685643237135,-22.9085229293776,35,Rui Barbosa,1299,sinalização turística _20170503_1040182043335264.jpg,
-43.0658148908739,-22.9079461893988,36,Rui Barbosa,1291,sinalização turística _20170503_1041481681309226.jpg,
-43.0590285429105,-22.9070338020573,37,Caetano Monteiro,611,sinalização turística _20170503_104303377387569.jpg,
-43.0467414084737,-22.9035238333523,38,Caetano Monteiro,4395,sinalização turística _20170503_104646-2081386547.jpg,
-43.0415713223879,-22.8999604386282,39,Caetano Monteiro,1834,sinalização turística _20170503_104945-87645761.jpg,
-43.0374304273801,-22.8941091037692,40,Caetano Monteiro,2123,sinalização turística _20170503_105306-1857566159.jpg,
-43.0342143383369,-22.889834628479,41,Caetano Monteiro,908,sinalização turística _20170503_1055051236049079.jpg,
-43.0268070207011,-22.8778826804807,42,Estarda Caetano Monteiro,2871,sinalização turística _20170503_1057292050520178.jpg,
-43.0267103125149,-22.8782389772078,43,Estr. Caetano Monteiro,2865,sinalização turística _20170503_110056-493211677.jpg,
-43.0299922560751,-22.8819368490191,44,Estrada da Paciencia,76,sinalização turística _20170503_1102061632667810.jpg,
-43.0433425828674,-22.901401213605,45,Caetano Monteiro,1994,sinalização turística _20170503_110611922888797.jpg,
-43.0539091229739,-22.90581247684,46,Caetano Monteiro,0,sinalização turística _20170503_1110461645328094.jpg,
-43.0616909336091,-22.9073228839168,47,Amadeu Gomes,1375,sinalização turística _20170503_111535869216351.jpg,
-43.0662767711474,-22.9063321044677,48,Leonor da Gloria,12,sinalização turística _20170503_111738-1274718655.jpg,
-43.0672498918174,-22.9073116491149,49,Washinton Luis,47,sinalização turística _20170503_11190665864050.jpg,
-43.0672498918174,-22.9073116491149,50,Reverendo Armando Ferreira,250,sinalização turística _20170503_1120491611636181.jpg,
-43.0723447643561,-22.9110194982074,51,Reverendo Amando Ferreira,30,sinalização turística _20170503_112138828394773.jpg,
-43.0820733233097,-22.9129775553341,52,Doutor Albino Pereira,0,sinalização turística _20170503_112438518483949.jpg,
-43.0794271596721,-22.9122189728328,53,Fernandes Couto,28,sinalização turística _20170503_113149759641107.jpg,
-43.0818422278095,-22.9130437568864,54,Fernando Couto,26,sinalização turística _20170503_1132591084640400.jpg,
-43.0818667104616,-22.913139180896,55,Fernando Couto,16,sinalização turística _20170503_113422736604688.jpg,
-43.0819458298793,-22.913221770412,56,Fernando Couto,10,sinalização turística _20170503_113500-618204193.jpg,
-43.0823734629447,-22.9135623117283,57,Fernando Couto,12,sinalização turística _20170503_113703661254044.jpg,
-43.0846360655297,-22.9162417186219,58,Rua Fernandes Couto,10,sinalização turística _20170503_113843-66452847.jpg,
-43.0964508908337,-22.9138768658915,59,AV Quintino de Bocaiuva,878,sinalização turística _20170503_1143341137521459.jpg,
-43.0970408995878,-22.9137202821638,60,Leopoldo Fróes,692,sinalização turística _20170503_1149041461277698.jpg,
-43.0967318005014,-22.9139748985887,61,Túnel Raul Veiga,1956,sinalização turística _20170503_1151221072892775.jpg,
-43.0970488761597,-22.9136771518033,62,"Leopoldo Froes
 Av. Quintino Bocaiúvael",1956,sinalização turística _20170503_1152201232869288.jpg,
-43.1008495699397,-22.9087996443326,63,Raul Veiga,566,sinalização turística _20170504_0908011025051887.jpg,
-43.1011257800509,-22.908564170137,64,Raul Veiga,566,sinalização turística _20170504_0908541752588645.jpg,
-43.1022883519248,-22.909016194438,65,Almirante Ary Parreiras,311,sinalização turística _20170504_0912411495047861.jpg,
-43.1048020806338,-22.9086348858892,66,Jornalista Irineu Marinho,0,sinalização turística _20170504_0915101487591168.jpg,
-43.110086427764,-22.9038451488249,67,Gavião Peixoto,182,sinalização turística _20170504_0928461025051887.jpg,
-43.110636867409,-22.9031665108,68,Gavião Peixoto,124,sinalização turística _20170504_0932281752588645.jpg,
-43.112627850653,-22.9014911017166,69,Gavião Peixoto,39,sinalização turística _20170504_0944231025051887.jpg,
-43.1120732181308,-22.8993274275083,70,Miguel de Frias,268,sinalização turística _20170504_0949131752588645.jpg,
-43.1119890305789,-22.8993975781101,71,Miguel de Frias,245,sinalização turística _20170504_0950381495047861.jpg,
-43.1120489857127,-22.8995176976513,72,Miguel de Frias,274,sinalização turística _20170504_0951121487591168.jpg,
-43.1123273687177,-22.8999215319468,73,Miguel de Frias,245,sinalização turística _20170504_0952011798576508.jpg,
-43.1125340429446,-22.9004775211723,74,Miguel de Frias,212,sinalização turística _20170504_095333820624671.jpg,
-43.1128571299493,-22.9007505787982,75,Miguel de Frias,195,sinalização turística _20170504_0954411358892499.jpg,
-43.1152968794316,-22.9029174635533,76,Miguel de Frias,41,sinalização turística _20170504_1003271035065171.jpg,
-43.1150748301543,-22.9024016685288,77,Miguel de Frias,23,sinalização turística _20170504_100937513726805.jpg,
-43.1097727200185,-22.9078150470133,78,Belisário Augusto,66,sinalização turística _20170504_1025141025051887.jpg,
-43.1080899262094,-22.9093676865915,79,Coronel Moreira Cesar,103,sinalização turística _20170504_1029091752588645.jpg,
-43.1075539946156,-22.9114254280548,80,Almirante Ary Parreiras,55,sinalização turística _20170504_1034311495047861.jpg,
-43.1095937718318,-22.9106276962707,81,Jornalista Alberto Francisco Torres,487,sinalização turística _20170504_1038361487591168.jpg,
-43.1096043803796,-22.9107946707845,82,Jornalista Alberto Francisco Torres,500,sinalização turística _20170504_1039581798576508.jpg,
-43.1108610994499,-22.908830225733,83,Jornalista Alberto Francisco Torres,407,sinalização turística _20170504_104333820624671.jpg,
-43.1119423289197,-22.9075892662696,84,Jornalista Alberto Francisco Torres,329,sinalização turística _20170504_1047311358892499.jpg,
-43.1130238583113,-22.9066359416363,85,Jornalista Alberto Francisco Torres,267,sinalização turística _20170504_1049591035065171.jpg,
-43.1134014711434,-22.9062620553366,86,Jornalista Alberto Francisco Torres,275,sinalização turística _20170504_105050513726805.jpg,
-43.1216040730655,-22.9051983493812,87,Praia João Caetano,137,sinalização turística _20170504_1106351025051887.jpg,
-43.1070964204986,-22.8999042222913,88,General Pereira da Silva,299,sinalização turística _20170504_1156041025051887.jpg,
-43.0972830719753,-22.9035216866676,89,Padre Francisco Lana,26,sinalização turística _20170505_1304161025051887.jpg,
-43.1071657315406,-22.9027899536481,90,Governador Roberto Silveira,349,sinalização turística _20170505_1314411752588645.jpg,
-43.1080142883853,-22.9019577965567,91,Governador Roberto Silveira,187,sinalização turística _20170505_1316441495047861.jpg,
-43.1080142883853,-22.9019577965567,92,Governador Roberto Silveira,187,sinalização turística _20170505_1317451487591168.jpg,
-43.1118421980156,-22.8977389434637,93,Marques de Parana,452,sinalização turística _20170505_132048820624671.jpg,
-43.1123100688623,-22.8962924933882,94,Marques de Parana,1197,sinalização turística _20170505_1321331358892499.jpg,
-43.1136210570813,-22.8927059854068,95,Marques de Parana,1197,sinalização turística _20170505_1323041035065171.jpg,
-43.1141711199501,-22.8900802918358,96,Jansen de Melo,157,sinalização turística _20170505_132424513726805.jpg,
-43.1148071033979,-22.8873476762585,97,Jansen de Melo,381,sinalização turística _20170505_132528-1689666446.jpg,
-43.1153143376702,-22.885257276792,98,Sem Nome,171,sinalização turística _20170505_132738128572104.jpg,
-43.1112820471591,-22.8814892533612,99,Feliciano Sodre,1,sinalização turística _20170505_1328551593169978.jpg,
-43.1030031195719,-22.8808223503097,100,Niteroi-Manilha,1,sinalização turística _20170505_133148-407823937.jpg,
-43.0978443546643,-22.8810353042054,101,Niteroi-Manilha,346,sinalização turística _20170505_133336-1640267546.jpg,
-43.0969689789851,-22.8810456782603,102,Niteroi-Manilha,490,sinalização turística _20170505_133450-88451039.jpg,
-43.0847838558887,-22.8812599122313,103,Niteroi-Manilha,1151,sinalização turística _20170505_1341351752588645.jpg,
-43.0874549374048,-22.8811833712249,104,Niteroi-Manilha,931,sinalização turística _20170505_1344311495047861.jpg,
-43.0906588883453,-22.8810492721156,105,Niteroi-Manilha,1,sinalização turística _20170505_1345551487591168.jpg,
-43.0983479403679,-22.8807861891628,106,Niteroi-Manilha,555,sinalização turística _20170505_1351501025051887.jpg,
-43.1038652297571,-22.8805934564957,107,Niteroi-Manilha,321,sinalização turística _20170505_1354151752588645.jpg,
-43.1058244750848,-22.8805073096716,108,Niteroi-Manilha,187,sinalização turística _20170505_1355581495047861.jpg,
-43.1077679103235,-22.880555848649,109,Niteroi-Manilha,129,sinalização turística _20170505_1357001487591168.jpg,
-43.1083187397458,-22.8806046287967,110,Niteroi-Manilha,51,sinalização turística _20170505_1358521798576508.jpg,
-43.1088849370032,-22.8807336301991,111,Niteroi-Manilha,15,sinalização turística _20170505_135935820624671.jpg,
-43.1092319482459,-22.8783367402182,112,Doutor Benjamin Constant,279,sinalização turística _20170505_1401391358892499.jpg,
-43.1125697546141,-22.8800909047894,113,Sem Nome,0,sinalização turística _20170505_1410231035065171.jpg,
-43.1137357971897,-22.881439189715,114,Governador Roberto Silveira,0,sinalização turística _20170505_141154513726805.jpg,
-43.1137820444646,-22.8815464314019,115,Governador Roberto Silveira,0,sinalização turística _20170505_141352-1689666446.jpg,
-43.1192303179516,-22.8838019675732,116,Feliciano Sodre,273,sinalização turística _20170505_141846128572104.jpg,
-43.1214788831268,-22.8846530274689,117,Feliciano Sodre,1985,sinalização turística _20170505_1419421593169978.jpg,
-43.1243550974299,-22.88547696109,118,Feliciano Sodre,21,sinalização turística _20170505_142224-407823937.jpg,
-43.124738229059,-22.8855353646787,119,Feliciano Sodre,0,sinalização turística _20170505_142317-1640267546.jpg,
-43.1271343637529,-22.8886726797861,120,Doze,167,sinalização turística _20170505_142522-88451039.jpg,
-43.1252875036916,-22.887779879312,121,Saldanha Marinho,3,sinalização turística _20170505_142734690518764.jpg,
-43.1232983050845,-22.8873197410707,122,Saldanha Marinho,50,sinalização turística _20170505_1428301484566093.jpg,
-43.1227322963634,-22.8871217130554,123,Saldanha Marinho,74,sinalização turística _20170505_1429351973011082.jpg,
-43.1224600440958,-22.886975735706,124,Saldanha Marinho,87,sinalização turística _20170505_143046-718166362.jpg,
-43.1223685241227,-22.8869904944142,125,Saldanha Marinho,95,sinalização turística _20170505_143131-1496362554.jpg,
-43.1217635953785,-22.9023589340788,126,Doutor Paulo Alves,126,sinalização turística _20170507_1427162032511206.jpg,
-43.1218445735123,-22.9022855877675,127,Doutor Paulo Alves,117,sinalização turística _20170507_1428351541571557.jpg,
-43.1049590027584,-22.9036054395117,128,Domingues de Sá,293,sinalização turística _20170510_11273769963029.jpg,
-43.10646850296,-22.9048635616959,129,Domingues de Sá,218,sinalização turística _20170510_113115-587060138.jpg,
-43.0980521768687,-22.9026603825093,130,Doutor Mario Viana,273,sinalização turística _20170511_13345369963029.jpg,
-43.0993090198508,-22.9018768500757,131,Santa Rosa,207,sinalização turística _20170511_133632-587060138.jpg,
-43.1011518135454,-22.9005777308788,132,Santa Rosa,125,sinalização turística _20170511_13384784142249.jpg,
-43.1052656629847,-22.8989968981277,133,Presidente Backer,432,sinalização turística _20170511_134240-308080081.jpg,
-43.1107539813068,-22.8992972215857,134,Governador Roberto Silveira,2,sinalização turística _20170511_13484269963029.jpg,
-43.1110666551831,-22.8992180907504,135,Governador Roberto Silveira,25,sinalização turística _20170511_135118-587060138.jpg,
-43.1115821061734,-22.9007031789648,136,Mem de Sa,35,sinalização turística _20170511_13534084142249.jpg,
-43.1094745256468,-22.9026311240115,137,Mem de Sa,140,sinalização turística _20170511_135640-308080081.jpg,
-43.1089418687815,-22.9031642046888,138,Mem de Sa,163,sinalização turística _20170511_135822-1764551714.jpg,
-43.1133486847296,-22.8942328136336,139,Marques de Parana,233,sinalização turística _20170511_14075269963029.jpg,
-43.1227583403,-22.8972298319889,140,Almirante Teffe,690,sinalização turística _20170511_14422169963029.jpg,
-43.1260667798001,-22.8995420854576,141,Rua Andrades Neves,230,sinalização turística _20170511_144536-587060138.jpg,
-43.1280281549372,-22.8976573376438,142,Av Rio Branco,680,sinalização turística _20170511_14501984142249.jpg,
-43.1280349562685,-22.8975094971155,143,Professor Hernani Pires de Melo,0,sinalização turística _20170511_145241-308080081.jpg,
-43.1253472178528,-22.8956784411596,144,Visconde do Rio Branco,307,sinalização turística _20170511_145724-1764551714.jpg,
-43.1299139207882,-22.8972596612281,145,Visconde do Rio Branco,820,sinalização turística _20170511_150031431633784.jpg,
-43.1340789943137,-22.9017335778158,146,Coronel Tamarindo,87,sinalização turística _20170511_150409-1354890956.jpg,
-43.1307069946621,-22.9084394581105,147,Almirante Benjamin Sodre,0,sinalização turística _20170511_15105269963029.jpg,
-43.1298333917747,-22.9077478184829,148,Antonio Paneiras,125,sinalização turística _20170511_151444-587060138.jpg,
-43.0677568005259,-22.9061724561491,149,Rua Padre Pedro Martinotti,763,sinalização turística _20170511_15272769963029.jpg,
-43.0649899849018,-22.9076258648827,150,Jornalista Silva Thomé,1925,sinalização turística _20170511_152825-587060138.jpg,
-43.0957744801845,-22.9032901195068,151,Doutor Mario Viana,359,sinalização turística _20170511_15314884142249.jpg,
-43.1256272754369,-22.9058602915108,152,Almirante Benjamin Sodre,8,sinalização turística _20170511_153430-308080081.jpg,
-43.1249593693524,-22.9054198703502,153,Almirante Benjamin Sodre,29,sinalização turística _20170511_153839-1764551714.jpg,
-43.1230623273403,-22.9037296018604,154,Presidente  Pedreira,186,sinalização turística _20170511_154036431633784.jpg,
-43.1241742471265,-22.9036382695354,155,Presidente  Pedreira,135,sinalização turística _20170511_154219-1354890956.jpg,
-43.1296710073933,-22.9044488940905,156,Presidente  Domiciano,102,sinalização turística _20170511_154400-203417009.jpg,
-43.130218558575,-22.903538861621,157,Passo da Patria,137,sinalização turística _20170511_154524-818885393.jpg,
-43.130914162515,-22.9019012792803,158,Passo da Patria,48,sinalização turística _20170511_1551241587945718.jpg,
-43.1317638274522,-22.9009642902864,159,Passo da Patria,73,sinalização turística _20170511_1554091460206124.jpg,
-43.131075473526,-22.9015942110552,160,Passo da Patria,34,sinalização turística _20170511_1555382117252497.jpg,
-43.1272283453612,-22.9029215935296,161,Professor Lara Vilela,210,sinalização turística _20170511_155642-2045310237.jpg,
-43.1268142934789,-22.9017881590274,162,Tiradentes,12,sinalização turística _20170511_1601191628081059.jpg,
-43.1261277556297,-22.9018489229793,163,Tiradentes,47,sinalização turística _20170511_160211761416642.jpg,
-43.1258131822337,-22.9017652021534,164,Tiradentes,54,sinalização turística _20170511_160451103342705.jpg,
-43.1246135175012,-22.9012372311694,165,Tiradentes,103,sinalização turística _20170511_16374469963029.jpg,
-43.1254366737671,-22.90156479356,166,Tiradentes,107,sinalização turística _20170511_163837-587060138.jpg,
-43.1253644467231,-22.9011533586077,167,Visconde de Morais,170,sinalização turística _20170511_16451369963029.jpg,
-43.1035184934816,-22.9069876934196,168,Sete de Setembro,75,sinalização turística _20170512_10261969963029.jpg,
-43.103557855074,-22.9072405234426,169,Sete de Setembro,61,sinalização turística _20170512_102802-587060138.jpg,
-43.0977403163025,-22.9057447617767,170,Maestro José Botelho,504,sinalização turística _20170512_10291184142249.jpg,
-43.1153796278858,-22.8859771159943,171,Jansen de Melo,823,sinalização turística _20170512_103105-308080081.jpg,
-43.1153275815195,-22.886238407403,172,Jansen de Melo,797,sinalização turística _20170512_103505-1764551714.jpg,
-43.1152812566084,-22.8864580112311,173,Jansen de Melo,795,sinalização turística _20170512_103624431633784.jpg,
-43.1157600060562,-22.8869243439503,174,Professor Heitor Carrilho,11,sinalização turística _20170512_103734-1354890956.jpg,
-43.1148850110878,-22.8879404159205,175,Jansen de Melo,613,sinalização turística _20170512_103945-203417009.jpg,
-43.11443504122,-22.8897139407695,176,Jansen de Melo,106,,
-43.1143356448524,-22.8902498072304,177,Jansen de Melo,114,sinalização turística _20170512_123241635053427.jpg,
-43.1135113738445,-22.8926516846254,178,Marque de Parana,1931,sinalização turística _20170512_123426-150131446.jpg,
-43.0674350003487,-22.9117316665487,179,Engenheiro Pacheco de Carvalho,1299,sinalização turística _20170512_123909-2116665127.jpg,
-43.0654050000367,-22.9300833329772,180,Francisco da Cruz Nunes,4718,sinalização turística _20170512_1240121349668793.jpg,
-43.0657500000958,-22.9303949985746,181,Francisco da Cruz Nunes,4764,sinalização turística _20170512_1241111869587084.jpg,
-43.0665733341052,-22.9312249990627,182,Francisco da Cruz Nunes,4764,sinalização turística _20170512_124450-1887675063.jpg,
-43.066803333818,-22.9327583325827,183,Francisco da Cruz Nunes,5140,sinalização turística _20170512_124608-909749130.jpg,
-43.0582883326336,-22.9407516660586,184,Francisco da Cruz Nunes,0,sinalização turística _20170512_1248381448742133.jpg,
-43.0540150000142,-22.9412183325742,185,Francisco da Cruz Nunes,0,sinalização turística _20170512_124946-1463585663.jpg,
-43.0422849994837,-22.9409849990876,186,Francisco da Cruz Nunes,0,sinalização turística _20170512_125101-290469264.jpg,
-43.0377266663547,-22.9428049991178,187,Francisco da Cruz Nunes,0,sinalização turística _20170512_1251331216667518.jpg,
-43.033391667271,-22.9455683323051,188,Francisco da Cruz Nunes,9190,sinalização turística _20170512_125616170089928.jpg,
-43.0329849996269,-22.9458749997197,189,Francisco da Cruz Nunes,9190,sinalização turística _20170512_125917-1756018416.jpg,
-43.0319549997807,-22.9636349990084,190,Francisco da Cruz Nunes,4340,sinalização turística _20170512_130108-1457971118.jpg,
-43.04194000009,-22.9686999989592,191,Francisco da Cruz Nunes,12988,sinalização turística _20170512_131010-880633068.jpg,
-43.0315049997304,-22.9641899988738,192,Itacoatiara,0,sinalização turística _20170512_1311171409481131.jpg,
-43.026840000157,-22.9528249988282,193,RJ-118,6111,sinalização turística _20170512_131250871077967.jpg,
-43.0260583333594,-22.9523883321472,194,Irene Lopes Sodre,32,sinalização turística _20170512_131527-117495914.jpg,
-43.0203066672484,-22.9445083319169,195,Irene Lopes Sodre,900,sinalização turística _20170512_131609776261573.jpg,
-43.0100883335538,-22.9353866661067,196,Irene Lopes Sodre,0,sinalização turística _20170512_131720635053427.jpg,
-43.0099550000311,-22.9353866662632,197,Irene Lopes Sodre,0,foto_sinalização turística _20170516_102010396804034.jpg,
-43.0087783328779,-22.9316599996916,198,Engenho do Mato,1,foto2_sinalização turística _20170516_102145-1930342832.jpg,
-43.0073700004305,-22.9242083322961,199,Engenho do Mato,3962,foto3_sinalização turística _20170516_102908-1203390553.jpg,
-42.9853099997173,-22.9026716658905,200,Av. Plínio Gomes de Matos Filho,15,sinalização turística _20170512_132442-150131446.jpg,
-42.985768333562,-22.9016833319079,201,RJ-108,58,sinalização turística _20170512_132743-1533394356.jpg,
-42.9845966667718,-22.9089333332883,202,Ewerton da Costa Xavier,1,sinalização turística _20170512_1330291349668793.jpg,
-42.9929549998472,-22.9124199989324,203,Ewerton da Costa Xavier,1,sinalização turística _20170512_1331451869587084.jpg,
-43.0081366669442,-22.9246233322285,204,Ewerton da Costa Xavier,4073,sinalização turística _20170512_133256-1887675063.jpg,
-43.0097516664628,-22.9257416656872,205,Ewerton da Costa Xavier,3963,sinalização turística _20170512_133640-909749130.jpg,
-43.0289533333155,-22.9419533321598,206,Ewerton da Costa Xavier,1063,sinalização turística _20170512_1343361448742133.jpg,
-43.0289583329367,-22.9419533319717,207,Ewerton da Costa Xavier,1061,sinalização turística _20170512_134415-1463585663.jpg,
-43.0312916660274,-22.9471616657607,208,Francisco da Cruz Nunes,2505,sinalização turística _20170512_134737-290469264.jpg,
-43.0351133334772,-22.9445416654913,209,Francisco da Cruz Nunes,9321,sinalização turística _20170512_1351261216667518.jpg,
-43.0400249994799,-22.9414216658852,210,Francisco da Cruz Nunes,8585,sinalização turística _20170512_135701170089928.jpg,
-43.0440450001851,-22.9405266657862,211,Francisco da Cruz Nunes,8000,sinalização turística _20170512_135739-1756018416.jpg,
-43.0521749997361,-22.9412199994131,212,Francisco da Cruz Nunes,8800,sinalização turística _20170512_135924-5465803.jpg,
-43.05719499971,-22.9416016662873,213,Francisco da Cruz Nunes,6666,sinalização turística _20170512_140105-1457971118.jpg,
-43.0583933329443,-22.9445716664945,214,Professor Herman Farias Alves,15,sinalização turística _20170512_140150-880633068.jpg,
-43.0679699994106,-22.9546899996142,215,Almirante Tamandare,217,sinalização turística _20170512_1403141409481131.jpg,
-43.0598833335161,-22.9524749987338,216,Professor Antonio Felipe da Rocha,125,sinalização turística _20170512_140554871077967.jpg,
-43.0606366674182,-22.9526749997915,217,Professor Carlos Nelson Ferreira,625,sinalização turística _20170512_1416521244737652.jpg,
-43.0580483332703,-22.9406300001063,218,Francisco da Cruz Nunes,1,sinalização turística _20170512_143040776261573.jpg,
-43.0480533327666,-22.9147399994573,219,Francisco da Cruz Nunes,1287,sinalização turística _20170512_143359635053427.jpg,
-43.0476383333775,-22.9129783320637,220,Francisco da Cruz Nunes,987,sinalização turística _20170512_143819-150131446.jpg,
-43.0631633328245,-22.9076449990152,221,Caetano Monteiro,0,sinalização turística _20170512_144319-2116665127.jpg,
-43.1150144102312,-22.8937382686288,222,Av Amaral Peixoto,887,20170511_142355-577399277.jpg,
-43.1151460596457,-22.8938281991373,223,Av Amaral Peixoto,836,20170511_142041-1094176715.jpg,
-43.115942720244,-22.893783429672,224,Av Amaral Peixoto,707,20170511_1426292033549575.jpg,
-43.1165171697907,-22.8937958589586,225,Av Amaral Peixoto,625,20170511_1429171160238560.jpg,
-43.1171140203446,-22.8937457090259,226,Av Amaral Peixoto,577,20170511_1430541759152823.jpg,
-43.1180603399958,-22.8935538301845,227,Av Amaral Peixoto,577,20170511_143325-2110480782.jpg,
-43.1188873396632,-22.8936555201487,228,Av Amaral Peixoto,347,20170511_143552-532203755.jpg,
-43.1206675295771,-22.893501918703,229,Av Amaral Peixoto,335,20170511_143822-310381216.jpg,
-43.1206718302294,-22.8934672197147,230,Av Amaral Peixoto,335,20170511_143948-1094176715.jpg,
-43.1215650902718,-22.8932214592784,231,Av Amaral Peixoto,206,20170511_144238-577399277.jpg,
-43.1231930698051,-22.8935055694461,232,Av Amaral Peixoto,55,20170511_1446571160238560.jpg,
-43.1241515204062,-22.8892009691277,233,Av Rio Branco,239,20170511_1455041759152823.jpg,
-43.1242105495554,-22.8888148989475,234,Av Rio Branco,360,20170511_145741-2110480782.jpg,
-43.1244770591993,-22.8878252991133,235,Av Rio Branco,165,20170511_150254-532203755.jpg,
-43.1245245398977,-22.8877178494454,236,Av Rio Branco,165,20170511_150427-310381216.jpg,
-43.1227604199681,-22.8882431498983,237,Rua Visconde de Uruguai,274,20170511_151214307529954.jpg,
-43.1240700905324,-22.8884981386405,238,Rua Marques de Caxias,9,20170511_151708-1094176715.jpg,
-43.1246156900549,-22.8885277389368,239,Av Rio Branco,192,20170511_151937-577399277.jpg,
-43.1250059799347,-22.8887226095698,240,Rua Marques de Caxias,0,20170511_1535151160238560.jpg,
-43.1253697598749,-22.8885238887862,241,Rua Sem Nome Prox do antigo carrefour,0,20170511_154852-2110480782.jpg,
-43.125666039809,-22.8872707088368,242,Antigo Carrefour,0,20170511_155127-532203755.jpg,
-43.1259204498609,-22.885955329153,243,Av Professor Plinio Leite,28,20170511_155357-310381216.jpg,
-43.1272185306641,-22.8888461092829,244,Av Professor Plinio Leite,167,20170511_1600161576842574.jpg,
-43.1269397498568,-22.8904309687605,245,Av Professor Plinio Leite,0,20170511_160333-1094176715.jpg,
-43.1241876803379,-22.8961325890497,246,Visconde de Rio Branco,546,20170511_163944-577399277.jpg,
-43.122010319863,-22.8963072389152,247,Quinze de Novembro,90,20170511_1643122033549575.jpg,
-43.1183290299011,-22.8944306896708,248,Conceicao,195,20170511_1652511160238560.jpg,
-43.1119465795661,-22.8993668290598,249,Miguel de Frias,268,20170511_1707041759152823.jpg,
-43.1121095804975,-22.8996366093208,250,Miguel de Frias,268,20170511_170833-2110480782.jpg,
-43.1122236001702,-22.8999457088327,251,Miguel de Frias,245,20170511_171105-532203755.jpg,
-43.1127824599911,-22.9006062691066,252,Miguel de Frias,210,20170511_1713221576842574.jpg,
-43.1129540997144,-22.9008113989644,253,Miguel de Frias,197,20170511_171432307529954.jpg,
